occurrence_no,record_type,reid_no,flags,collection_no,identified_name,identified_rank,identified_no,difference,final_name,extinct,accepted_name,accepted_attr,accepted_rank,accepted_no,early_interval,late_interval,max_ma,min_ma,ref_author,ref_pubyr,reference_no,phylum,class,order,family,genus,plant_organ,plant_organ2,abund_value,abund_unit,lng,lat,occurrence_comments,collection_name,collection_subset,collection_aka,cc,state,county,latlng_basis,latlng_precision,geogscale,geogcomments,paleomodel,paleolng,paleolat,geoplate,cc.1,protected,formation,stratgroup,member,stratscale,zone,localsection,localbed,localorder,regionalsection,regionalbed,regionalorder,stratcomments,lithdescript,lithology1,lithadj1,lithification1,minor_lithology1,fossilsfrom1,lithology2,lithadj2,lithification2,minor_lithology2,fossilsfrom2,environment,tectonic_setting,geology_comments,assembl_comps,articulated_parts,associated_parts,common_body_parts,rare_body_parts,feed_pred_traces,artifacts,component_comments,pres_mode,preservation_quality,spatial_resolution,temporal_resolution,lagerstatten,concentration,orientation,abund_in_sediment,sorting,fragmentation,bioerosion,encrustation,preservation_comments,collection_type,collection_methods,museum,collection_coverage,collection_size,rock_censused,collectors,collection_dates,collection_comments,taxonomy_comments,taxon_environment,environment_basis,motility,life_habit,vision,diet,reproduction,ontogeny,ecospace_comments,composition,architecture,thickness,reinforcement,genus.1,time_bins,time_contain,time_major,time_buffer,time_overlap,primary_reference,midpoint_ma
655715,occ,,,70814.0,Sphyraena sp.,genus,36204.0,,Sphyraena,,Sphyraena,,genus,36204.0,Burdigalian,,20.44,15.97,Marsili et al.,2007.0,23748.0,Chordata,Actinopteri,NO_ORDER_SPECIFIED,Sphyraenidae,Sphyraena,,,2,elements,14.035832999999998,42.24361,,Montagna della Maiella,,Lettomanoppello,IT,,,estimated from map,seconds,local area,"northern sector of the Montagna della Maiella, in the Abruzzo Apennines, southeast of Lettomanoppello",gp_mid,"16,41","37,77",307,IT,,Bolognano,,middle,,,,,,,,,early Burdigalian biochonozone SBZ 25 of Cahuzac and Pignant (1997).,"bioclastic calcarenites (grainstones and subordinate packstones) with compound cross-bedding structures, characterized by abundant bryozoan remains, echinoderm fragments (mainly echinoids and chrinoides), molluscs and red algae","""mixed carbonate-siliciclastic""","""cross stratification""",,,Y,,,,,,slope/ramp reef,,carbonate ramp,,,,,,,,,,,,,,,,,,,,,,general faunal/floral,,,,,,,,,,marine,,actively mobile,nektonic,,omnivore,,,,phosphatic,,,,Sphyraena,Burdigalian,Burdigalian,Burdigalian,Burdigalian,Burdigalian,"S. Marsili, G. Carnevale, and E. Danese, G. Bianucci, W. Landini. 2007. Early Miocene vertebrates from Montagna della Maiella, Italy. Annales de Paleontologie 93:27-66",18.205000000000002
724326,occ,,,77783.0,Sphyraena sp.,genus,36204.0,,Sphyraena,,Sphyraena,,genus,36204.0,Burdigalian,,20.44,15.97,Welcomme et al.,1997.0,23349.0,Chordata,Actinopteri,NO_ORDER_SPECIFIED,Sphyraenidae,Sphyraena,,,,,69.14666700000001,29.031111,,Dera Bugti Marine Sand,,Bugti Hills,PK,Balochistan,,estimated from map,seconds,outcrop,apparently a single locality or several closely spaced localities,gp_mid,"70,34","19,93",501,PK,,,,,group of beds,,,,,,,,"from an interval 2 m thick within section B near Kumbi, far to the west of Dera Bugti city","""sable meuble ou consolidé""",sandstone,,poorly lithified,,,,,,,,marine indet.,,,"macrofossils,mesofossils",,,,,,,,body,,,,,,,,,,,,,general faunal/floral,field collection,,,,,,"1995, 1996",,,marine,,actively mobile,nektonic,,omnivore,,,,phosphatic,,,,Sphyraena,Burdigalian,Burdigalian,Burdigalian,Burdigalian,Burdigalian,"J. -L. Welcomme, P. -O. Antoine, and F. Duranthon, P. Mein, L. Ginsburg. 1997. Nouvelles decouvertes de vertebres miocenes dans le synclina de Dera Bugti (Balouchistan, Pakistan). Comptes Rendus Academie de Science Paris. Sciences de la terr et des planetes 325:531-536",18.205000000000002
752977,occ,,,32012.0,Sphyraena sp.,genus,36204.0,,Sphyraena,,Sphyraena,,genus,36204.0,Chattian,,28.1,23.03,Polkowsky,1994.0,27126.0,Chordata,Actinopteri,NO_ORDER_SPECIFIED,Sphyraenidae,Sphyraena,,,,,11.816667,53.716667,,"Echinoderms, Late Oligocene, Sternberg",,,DE,Mecklenburg-Vorpommern,Sternberg,based on nearby landmark,minutes,small collection,various collection points in the neighborhood of Sternberg,gp_mid,"15,32","48,95",315,DE,,,,,formation,,,,,,,,Dated as Upper Oligocene,,sandstone,,poorly lithified,calcareous,Y,,,,,,shoreface,cratonic basin,,"macrofossils,mesofossils",,,,,,,,body,,,time-averaged,,,,,,,,,,general faunal/floral,"bulk,selective quarrying,sieve,field collection",,,,,,,,,marine,,actively mobile,nektonic,,omnivore,,,,phosphatic,,,,Sphyraena,Chattian,Chattian,Chattian,Chattian,Chattian,S. Polkowsky. 1994. Das Sternberger Gestein un seine Artenzahl - Stand 1994. Archiv fur Geschiebekunde 1(10):605-614,25.565
1227246,occ,,,161374.0,Sphyraena sp.,genus,36204.0,,Sphyraena,,Sphyraena,,genus,36204.0,Early Clarendonian,,13.6,10.3,Pimiento,2014.0,52569.0,Chordata,Actinopteri,NO_ORDER_SPECIFIED,Sphyraenidae,Sphyraena,,,,,-83.0,30.4,,Swift Creek Mine,,HA003,US,Florida,Hamilton,based on political unit,1,,,gp_mid,"-78,23","32,23",109,US,,Statenville,,,,,,,,,,,,,,,,,,,,,,,marine indet.,,,macrofossils,,,,,,,,body,,,,,,,,,,,,,biostratigraphic,,FMNH,some genera,,,,,,,marine,,actively mobile,nektonic,,omnivore,,,,phosphatic,,,,Sphyraena,Serravallian,-,Serravallian,"Serravallian, Tortonian","Serravallian, Tortonian",C. Pimiento. 2014. Carcharocles megalodon unpublished collections from Natural History Museums around the world. ,11.95
41619,occ,,,3257.0,Sphyraena sp.,genus,36204.0,,Sphyraena,,Sphyraena,,genus,36204.0,Early Eocene,Middle Eocene,55.8,37.2,Bone et al.,1991.0,149.0,Chordata,Actinopteri,NO_ORDER_SPECIFIED,Sphyraenidae,Sphyraena,,,,,-1.166667,51.083332,common,M27 Motorway,,,UK,England,Hampshire,based on political unit,minutes,small collection,at Dummer's Copse between Allington Lane and Quob Lane,gp_mid,"5,97","43,28",315,UK,,,Bracklesham,,group of beds,,M27 Motorway,DC6ii  7,,,,,,,sandstone,,,,,,,,,,,,,,,,,,,,,,,,,,,,,,,,,,biostratigraphic,,,,,,,,,,marine,,actively mobile,nektonic,,omnivore,,,,phosphatic,,,,Sphyraena,-,-,-,-,"Ypresian, Lutetian, Bartonian, Priabonian","D. A. Bone, J. A. Todd, and S. Tracey. 1991. Fossils from the Bracklesham Group exposed in the M27 Motorway excavations, Southampton, Hampshire. Tertiary Research 12(3-4):131-137",46.5
474081,occ,,,47026.0,Sphyraena sp.,genus,36204.0,,Sphyraena,,Sphyraena,,genus,36204.0,Early Miocene,,23.03,15.97,Thomas et al.,1982.0,12499.0,Chordata,Actinopteri,NO_ORDER_SPECIFIED,Sphyraenidae,Sphyraena,,,,,49.393612,25.983610000000002,,"Al-Sarrar, Locality 7, Dam Formation",,,SA,,,based on nearby landmark,seconds,,"Al-Sarrar area, less than 90km from the coast of the Arabian Gulf. Rocks of the Dam formation are well exposed west of the road from Ain Dar Junction to Nu'ayriyah. Co-ordinates based on Ayn Dar.",gp_mid,"48,17","18,07",503,SA,,Dam,,,,,,,,,,,"Late Early Miocene. There are 3 Formations in the succession - the Hadruck, Dam and Hofuf (Hofuf overlies the others). Type section of the Dam Formation is Jabal al Lidam. The depth of the formation at Al-Sarrar varies, but is around 30m. Near the Arabian Gulf the Formation is entirely marine, with more continental facies inland. The Al-Sarrar area is an area of 'continental sediments interbedded with the marine series'.\r\nFauna has been collected from a number of localities which have been entered individually.\r\n",No lithology given for locality 7.,,,,,,,,,,,fluvial indet.,,"'The lithologies, sedimentary structures (presence of palaeocurrents in loc. 6 and 8), the character of the fauna exclusively continental and the deposition laid down into low energy zone (specially in loc. 6 and 8 explaining the scarcity of small vertebrates and the association of postcranial bones) suggest a fluviatile environment.'","macrofossils,mesofossils",,,,,,,,,,,,,,,,,,,,"Favourable bone concentration in localities 6, 7, 8, 9 and 23. Associated postcranial elements are not rare in localities 6 and 8. Skulls and mandibles do not show any signs of rolling or transportation before burial; although fragile, scapula and tusks are taken out in good condition. Associated skull and mandible of mastodonts have been recovered from localities 6, 8 and 23, indicating burial in a low energy environment.",general faunal/floral,"bulk,field collection",,,,,,,"Al-Sarrar localities 4-9 and 11-24 can all be dated within a short period of time. Localities 5,6,7,8, and 9 are considered contemporaneous. \r\nAll fossil material housed in the Department of Antiquities and Museums at Riyadh.\r\n","Four orders and 7 genera of fish are recognised 'mainly from localities 7, 9 and 21' but they are not all listed by locality. Those that are listed by locality have been entered on the faunal lists. The others are: Hyperopisus sp., Barbus sp., Labeo sp., Heterobranchus sp., Clarias sp. and Lates sp. ",marine,,actively mobile,nektonic,,omnivore,,,,phosphatic,,,,Sphyraena,Burdigalian,-,Burdigalian,"Aquitanian, Burdigalian","Aquitanian, Burdigalian","H. Thomas, S. Sen, and M. Khan, B. Battail, G. Ligabue. 1982. The Lower Miocene Fauna of Al-Sarrar (Eastern Province, Saudi Arabia). Atlal 5(3a):109-136",19.5
804322,occ,,,65798.0,Sphyraena sp.,genus,36204.0,,Sphyraena,,Sphyraena,,genus,36204.0,Early Miocene,,23.03,15.97,Sahni and Mishra,1975.0,11991.0,Chordata,Actinopteri,NO_ORDER_SPECIFIED,Sphyraenidae,Sphyraena,,,,,68.949997,23.549999,,"Matanomadh, Miocene",,,IN,Gujarat,,estimated from map,seconds,,"Matanomadh, Kutch Pen., India",gp_mid,"69,25","13,52",501,IN,,,,Bermoti,,,,,,,,,Aida Stage (Lower Miocene),grey coloured shales,"""shale""",gray,,,Y,,,,,,marine indet.,,,macrofossils,,,,,,,,"body,original phosphate",,,,,,,,,,,,,taxonomic,,,,,,,,,,marine,,actively mobile,nektonic,,omnivore,,,,phosphatic,,,,Sphyraena,Burdigalian,-,Burdigalian,"Aquitanian, Burdigalian","Aquitanian, Burdigalian",A. Sahni and V. P. Mishra. 1975. Lower Tertiary vertebrates from western India. Monograph of the Palaeontological Society of India 3:1-48,19.5
1141029,occ,,,145379.0,Sphyraena sp.,genus,36204.0,,Sphyraena,,Sphyraena,,genus,36204.0,Early Miocene,,23.03,15.97,Sánchez-Villagra et al.,2004.0,47006.0,Chordata,Actinopteri,NO_ORDER_SPECIFIED,Sphyraenidae,Sphyraena,,,,,-70.070557,10.368056,MBLUZ-P-5063 to MBLUZ-P-5065,"Cerro La Cruz, Castillo Formation, Unit C",,,VE,Lara,,stated in text,seconds,local area,"Cerro La Cruz, southern flank of the Serrania La Baragua, in the north-west of Lara State.",gp_mid,"-63,83","10,94",203,VE,,Castillo,,,group of beds,,,,,,,,Unit C (Rincon et al. 2014),,not reported,,,,Y,,,,,,fluvial indet.,,Earlier fossil discoveries from Cerro La Cruz indicated a near-shore marine environment; the latest discoveries indicate in addition fluvial and terrestrial (perhaps coastal) deposits. Elements of the fauna are consistent with the hypothesis that a tributary and/or delta of the Orinoco existed in this area of north-weastern Venezuela during early Miocene times.,macrofossils,,,,,,,,body,,,,,,,,,,,,,taxonomic,field collection,,all macrofossils,,,,,"Specimens deposited in the Paleontology Section of the Museo de Biología de la Universidad del Zulia, Maracaibo (MBLUZ-P)",,marine,,actively mobile,nektonic,,omnivore,,,,phosphatic,,,,Sphyraena,Burdigalian,-,Burdigalian,"Aquitanian, Burdigalian","Aquitanian, Burdigalian","M. R. Sánchez-Villagra, R. J. Asher, and A. D. Rincón, A. A. Carlini, P. Meylan, R. W. Purdy. 2004. New faunal reports for the Cerro La Cruz locality (lower Miocene), north-western Venezuela. Special Papers in Palaeontology 71:105-112",19.5
1375505,occ,,,187875.0,Sphyraena sp.,genus,36204.0,,Sphyraena,,Sphyraena,,genus,36204.0,Early Miocene,,23.03,15.97,Laurito et al.,2014.0,63030.0,Chordata,Actinopteri,NO_ORDER_SPECIFIED,Sphyraenidae,Sphyraena,,,,,-83.553612,9.922222,,Pacuare de Tres Equis,,,CR,,,stated in text,seconds,,misma que se localiza en las coordenadas 9o55’20.0’’N/83o33’13.3’’W de la hoja Tucurrique (3445 I) escala 1:50 000 del IGN (Fig.1).,gp_mid,"-79,94","12,59",204,CR,,Río Banano,,,,,,,,,,,,,not reported,,,,,,,,,,marine indet.,,,macrofossils,,,,,,,,body,,,,,,,,,,,,,general faunal/floral,,,,,,,,,,marine,,actively mobile,nektonic,,omnivore,,,,phosphatic,,,,Sphyraena,Burdigalian,-,Burdigalian,"Aquitanian, Burdigalian","Aquitanian, Burdigalian","C. A. Laurito, C. Calvo, and A. L. Valerio, A. Calvo, R. Chacón. 2014. Ictiofauna del Mioceno inferior de localidad de Pacuare des Tres Equis, Formación Río Banao, Provincia de Cartago, Costa Rica, y descripción de un nuevo género y una Nueva Especie de Scaridae. Revista Geológica de América Central 50:153-192",19.5
646297,occ,,,69805.0,Sphyraena sp.,genus,36204.0,,Sphyraena,,Sphyraena,,genus,36204.0,Early Oligocene,,33.9,28.4,Merle et al.,2002.0,23435.0,Chordata,Actinopteri,NO_ORDER_SPECIFIED,Sphyraenidae,Sphyraena,,,,,-2.3375,48.475834000000006,,Vayres-sure-Essone,,Carrière de La Roche-Cassée,FR,,,stated in text,seconds,outcrop,"coordinates converted from UTM values: 600 m2 ""lentille"" that is ""near the road D153, 1.5 km west of Vayres-sur-Essone""",gp_mid,"2,62","43,55",305,FR,,,,,bed,,,,,,,,"""base of the Upper Stampian""; entirely from a 0.10 m bed","""complex unit of pebbly sands""",sandstone,pebbly,,,,,,,,,coastal indet.,,"undelrying bed indicates a ""marine infralittoral environment"" and vertebrate assemblage is from ""both sides of the shoreline""",macrofossils,,,,,,,,body,,allochthonous,,,,,,,,,,"""eroded bones, probably dragged in by marine currents""",paleoecologic,field collection,,,,,,,,,marine,,actively mobile,nektonic,,omnivore,,,,phosphatic,,,,Sphyraena,Rupelian,Rupelian,Rupelian,Rupelian,Rupelian,"D. Merle, J.-P. Baut, and L. Ginsburg, C. Sagne, S. Hervet, R.-P. Carriol, M.-T. Vénec-Peyré, M.-M. Blanc-Valleron, C. Mourer-Chauviré, D. Arambol, P. Viette. 2002. Découverte d'une faune de vertébrés dans l'Oligocène inférieur de Vayres-sur-Essone (bassin de Paris, France): biodiversité et paléoenvironnement. Comptes Rendus Palevol 1(2):111-116",31.15
745976,occ,,,79971.0,Sphyraena sp.,genus,36204.0,,Sphyraena,,Sphyraena,,genus,36204.0,Eocene,,56.0,33.9,Case and West,1991.0,18054.0,Chordata,Actinopteri,NO_ORDER_SPECIFIED,Sphyraenidae,Sphyraena,,,,,70.38333100000001,30.6,,Drazinda Shale Member,,,PK,,,stated in text,minutes,,"eastwest through the deep valley of Sangarh Nala, west of the town of Taunsa",gp_mid,"72,04",9,501,PK,,Kithar,,,,,,,,,,,,,"""limestone""",,,,Y,,,,,,marine indet.,,,"macrofossils,mesofossils",,,,,,,,,,,,,,,,,,,,,taxonomic,,,,,,,,,,marine,,actively mobile,nektonic,,omnivore,,,,phosphatic,,,,Sphyraena,-,-,-,-,"Ypresian, Lutetian, Bartonian, Priabonian","G. R. Case and R. M. West. 1991. Geology and Paleontology of the Eocene Drazinda Shale Member of the Khirthar Formation, central Western Pakistan, Part II Late Eocene fishes. Tertiary Research 12(3-4):105-120",44.95
1504870,occ,,,209855.0,Sphyraena sp.,genus,36204.0,,Sphyraena,,Sphyraena,,genus,36204.0,Holocene,,0.0117,0.0,Jones O'Day,2002.0,72397.0,Chordata,Actinopteri,NO_ORDER_SPECIFIED,Sphyraenidae,Sphyraena,,,3,specimens,-71.727997,21.780001000000002,,"Ia góra site (MC-6), unit J, Middle Caicos",,,,,,based on nearby landmark,2,outcrop,"The Ia góra site lies on the southeastern portion of Middle Caicos, abutting the extensive tidal flat that runs along the southern side of the island. It sits on a slight rise about 1 m above the tidal flat. About 0.6 km northeast of the site is Armstrong Pond",gp_mid,"-71,73","21,78",206,,,,,,bed,,,,,,,,"The two AMS 14C dates on Thick-knee bones suggest that cultural material, including faunal remains, was deposited in the Structure VIII midden between cal A.D. 1430-1660.",,not reported,,,,,,,,,,terrestrial indet.,,,macrofossils,,,,,,"bone tools,ceramics",,"body,anthropogenic,midden",,,,,,,,,,,,,archaeological,"selective quarrying,sieve",FMNH,,,,,,,,marine,,actively mobile,nektonic,,omnivore,,,,phosphatic,,,,Sphyraena,Holocene,Holocene,Holocene,Holocene,Holocene,"S. Jones O'Day. 2002. Late Prehistoric Lucayan occupation and subsistence on Middle\r\nCaicos Island, northern West Indies. Caribbean Journal of Science 38:1-10",0.00585
1407009,occ,,,188304.0,Sphyraena sp.,genus,36204.0,,Sphyraena,,Sphyraena,,genus,36204.0,Late Pleistocene,,0.126,0.0117,Boessenecker et al.,2018.0,66045.0,Chordata,Actinopteri,NO_ORDER_SPECIFIED,Sphyraenidae,Sphyraena,,,,,-80.31115,33.104012,,Austin Sand Pit,,,US,South Carolina,Dorchester,estimated from map,5,,"Austin Sand Pit (Ridgeville, SC)",gp_mid,"-80,31","33,1",109,US,,Waccamaw,,,,,,,,,,,Age after Boessenecker et al 2018.,,sandstone,,unlithified,,Y,,,,,,marine indet.,,,macrofossils,,,,,,,,body,,,,,,,,,,,,,general faunal/floral,,,,,,,,,,marine,,actively mobile,nektonic,,omnivore,,,,phosphatic,,,,Sphyraena,Late Pleistocene,Late Pleistocene,Late Pleistocene,Late Pleistocene,Late Pleistocene,"S. J. Boessenecker, R. W. Boessenecker, and J. H. Geisler. 2018. Youngest record of the extinct walrus Ontocetus emmonsi from the Early Pleistocene of South Carolina and a review of North Atlantic walrus biochronology. Acta Palaeontologica Polonica 63(2):279-286",0.06885
1486324,occ,,,13346.0,Sphyraena sp.,genus,36204.0,,Sphyraena,,Sphyraena,,genus,36204.0,Lutetian,,47.8,41.3,Clayton et al.,2013.0,71116.0,Chordata,Actinopteri,NO_ORDER_SPECIFIED,Sphyraenidae,Sphyraena,,,,,-86.519997,31.366667,,Point A Dam Site,,"Point ""A"" Dam Site, Conecuh River",US,Alabama,Covington,based on nearby landmark,minutes,outcrop,"River Falls Quadrangle Topographic Sheet, 7.5 minute series, Covington County, Alabama, approximately NW 1/4, SW 1/4, Sec. 35, T5N, R15E, about 123-182 m south of the McWilliams Power Plant at the Dam, 1.6 km west of the town of Andalusia.",gp_mid,"-66,78","34,74",109,US,,Tallahatta,Claiborne,,formation,,,,,,,,"Original stratigraphy: ""The exposure situated below the Point ""A"" Dam is in the upper unit of the Tallahatta Formation, which in turn underlies the lowermost member of the Lisbon Formation..."" Lat long is for the Point A Dam.\r\n\r\nLater placed in the lowermost Lisbon Formation by Clayton et al., 2013.","""The formation consists primarily of sand, sandstone, clay, and claystone, ranging in thickness from 20 to 40 m at the outcropping.""",sandstone,,poorly lithified,sandy,,claystone,,poorly lithified,,,estuary/bay,,"""The formation consists primarily of sand, sandstone, clay, and claystone, ranging in thickness from 20 to 40 m at the outcropping."" \r\n\r\n\r\n",macrofossils,,,,,,,,"body,charcoalification",,,,,,,,,occasional,,,"Paleoenvironment is interpreted as tidal, riverine along a tropical coastline. Fossils of marine fishes and freshwater turtles occur together. The boid snake may be derived from an adjacent terrestrial habitat.",taxonomic,field collection,,some macrofossils,,,,,"Turtles, snakes, croc (and a charred pine knot possibly used as a ""stomach stone"") are described herein; at least 21 fish taxa are noted and were in the proccess of being described at the time of this publication.",,marine,,actively mobile,nektonic,,omnivore,,,,phosphatic,,,,Sphyraena,Lutetian,Lutetian,Lutetian,Lutetian,Lutetian,"A. A. Clayton, C. N. Ciampaglio, and D. J. Cicimurri. 2013. An inquiry into the stratigraphic occurrence of a Claibornian (Eocene) vertebrate fauna from Covington County, Alabama. Bulletin of the Alabama Museum of Natural History 31(2):60-73",44.55
1502270,occ,,,209368.0,Sphyraena sp.,genus,36204.0,,Sphyraena,,Sphyraena,,genus,36204.0,Lutetian,,47.8,41.3,Maisch et al.,2016.0,72247.0,Chordata,Actinopteri,NO_ORDER_SPECIFIED,Sphyraenidae,Sphyraena,,,,,-86.669586,31.376537,,Pigeon Creek,,,US,Alabama,Covington,estimated from map,6,,"along Pigeon Creek, Conecuh-Covington Counties, Alabama",gp_mid,"-66,93","34,78",109,US,,Tallahatta,,,,,,,,,,,lag deposit that separates the Tallahatta and Lisbon Formations,"The macrofossil lag is a quartz, glauconite sand containing original shell material and steinkerns belonging to oysters, bivalves, gastropods, and invertebrate ichnofossil casts, in addition to bones and teeth from chondrichthyans, osteichthyans, reptiles, and marine mammals.",sandstone,"glauconitic,quartzose",,,Y,,,,,,marginal marine indet.,,,macrofossils,,,,,,,,body,,,,,,,,,,,,,general faunal/floral,,,,,,,,,,marine,,actively mobile,nektonic,,omnivore,,,,phosphatic,,,,Sphyraena,Lutetian,Lutetian,Lutetian,Lutetian,Lutetian,"H. M. Maisch, M. A. Becker, and B. H. Raines. 2016. Osteichthyans from the Tallahatta–Lisbon Formation Contact (middle Eocene–Lutetian) Pigeon Creek, Conecuh-Covington Counties, Alabama with Comments on Transatlantic Occurrences in the Northern Atlantic Ocean Basin. PalArch’s Journal of Vertebrate Palaeontology 13(3):1-22",44.55
1502297,occ,,,209371.0,Sphyraena sp.,genus,36204.0,,Sphyraena,,Sphyraena,,genus,36204.0,Lutetian,,47.8,41.3,Breard and Stringer,1999.0,72248.0,Chordata,Actinopteri,NO_ORDER_SPECIFIED,Sphyraenidae,Sphyraena,,,,,-96.563866,30.674219,,"Stone City Formation, type locality, Assemblage A",,,US,Texas,Brazos,estimated from map,5,,"located along the south bank of the Brazos River in Burleson County,Texas and is approximately 18.5 km west of Bryan, Brazos County, Texas",gp_mid,"-77,27","35,94",101,US,,Stone City,Claiborne,,,,,,,,,,"small glauconitic, phosphatic sandy lag deposit located three m below the base of the Main Glauconite bed",,sandstone,"glauconitic,phosphatic",,,Y,,,,,,marine indet.,,,macrofossils,,,,,,,,body,,,,,,,,,,,,,general faunal/floral,,,,,,,,,,marine,,actively mobile,nektonic,,omnivore,,,,phosphatic,,,,Sphyraena,Lutetian,Lutetian,Lutetian,Lutetian,Lutetian,"S. Q. Breard and G. L. Stringer. 1999. Integrated Paleoecology and Marine Vertebrate Fauna of the Stone City Formation (Middle Eocene), Brazos River Section, Texas. Gulf Coast Association of Geological Societies Transactions 49:132-142",44.55
1503191,occ,,,209522.0,Sphyraena sp.,genus,36204.0,,Sphyraena,,Sphyraena,,genus,36204.0,Lutetian,,47.8,41.3,Ebersole et al.,2019.0,71232.0,Chordata,Actinopteri,NO_ORDER_SPECIFIED,Sphyraenidae,Sphyraena,,,5,specimens,-88.336739,31.565483,,AMo-8,,,US,Alabama,Monroe,estimated from map,6,,needs better location specificity,gp_mid,"-68,57","35,28",109,US,,Tallahatta,,,,,,,,,,,,,not reported,,,,,,,,,,marine indet.,,,macrofossils,,,,,,,,body,,,,,,,,,,,,,general faunal/floral,,,,,,,,,,marine,,actively mobile,nektonic,,omnivore,,,,phosphatic,,,,Sphyraena,Lutetian,Lutetian,Lutetian,Lutetian,Lutetian,"J. A. Ebersole, D. J. Cicimurri, and G. L. Stringer. 2019. Taxonomy and biostratigraphy of the elasmobranchs and bony fishes (Chondrichthyes and Osteichthyes) of the lower-to-middle Eocene (Ypresian to Bartonian) Claiborne Group in Alabama, USA, including an analysis of otoliths. European Journal of Taxonomy 585:1-274",44.55
1503221,occ,,,209521.0,Sphyraena sp.,genus,36204.0,,Sphyraena,,Sphyraena,,genus,36204.0,Lutetian,,47.8,41.3,Ebersole et al.,2019.0,71232.0,Chordata,Actinopteri,NO_ORDER_SPECIFIED,Sphyraenidae,Sphyraena,,,2,specimens,-88.324219,31.785664,,ACh-14,,,US,Alabama,Choctaw,estimated from map,6,,needs better location specificity,gp_mid,"-68,5","35,5",109,US,,Tallahatta,,,,,,,,,,,,,not reported,,,,,,,,,,marine indet.,,,macrofossils,,,,,,,,body,,,,,,,,,,,,,general faunal/floral,,,,,,,,,,marine,,actively mobile,nektonic,,omnivore,,,,phosphatic,,,,Sphyraena,Lutetian,Lutetian,Lutetian,Lutetian,Lutetian,"J. A. Ebersole, D. J. Cicimurri, and G. L. Stringer. 2019. Taxonomy and biostratigraphy of the elasmobranchs and bony fishes (Chondrichthyes and Osteichthyes) of the lower-to-middle Eocene (Ypresian to Bartonian) Claiborne Group in Alabama, USA, including an analysis of otoliths. European Journal of Taxonomy 585:1-274",44.55
501984,occ,,,51002.0,Sphyraena sp.,genus,36204.0,,Sphyraena,,Sphyraena,,genus,36204.0,MN 5,,15.97,13.65,Daxner-Höck et al.,2004.0,13612.0,Chordata,Actinopteri,NO_ORDER_SPECIFIED,Sphyraenidae,Sphyraena,,,1,elements,16.061111,48.634724,,Grund,,GRU,AT,,,estimated from map,seconds,,,gp_mid,"17,74","45,69",305,AT,,Grund,,,,,,,,,,,"MN5, Lower Langhian","yellowish, fine sands and silts",sandstone,"fine,yellow",,,Y,siltstone,"fine,yellow",,,Y,marginal marine indet.,,"warm, up to 100m deep corresponding to outer shelf, mixing of shallow and deep water",macrofossils,,,,,,,,"body,original phosphate",,,,,,,,,,,,,taxonomic,"selective quarrying,surface (in situ),field collection",,some macrofossils,,,,,,,marine,,actively mobile,nektonic,,omnivore,,,,phosphatic,,,,Sphyraena,Langhian,-,Langhian,"Langhian, Serravallian","Langhian, Serravallian","G. Daxner-Höck, P. M. Miklas-Tempfer, and U. B. Gohlich, K. Huttenen, E. Kazar, D. Nagel, G. E. Roessner, O. Schultz, R. Ziegler. 2004. Marine and terrestrial vertebrates from the Middle Miocene of Grund (Lower Austria). Geologica Carpathica 55(2):191-197",14.81
289832,occ,,,16549.0,Sphyraena sp.,genus,36204.0,,Sphyraena,,Sphyraena,,genus,36204.0,Priabonian,,38.0,33.9,Westgate,1984.0,701.0,Chordata,Actinopteri,NO_ORDER_SPECIFIED,Sphyraenidae,Sphyraena,,,,,-90.734718,35.011944,,Crow Creek,,,US,Arkansas,Saint Francis,stated in text,seconds,outcrop,SE 1/4 SE 1/4 NE 1/4 SW 1/4 sec 25 T5N R3E,gp_mid,"-74,82","38,99",101,US,,,Jackson,,group of beds,,,,,,,,"""broad correlation between the Crow Creek fauna and Uintan to Chadronian faunas in the continental interior"", apparently from a bed < 1 m thick\r\n\r\nAEO estimate of 44.5 - 44.4 Ma (Lutetian) significantly conflicts with marine mammal biochronology\r\nPriabonian age after Weems et al 2004 (ref. 18945).","""silty to sandy marl that appears dark gray in fresh exposures and reddish-brown when weathered. Invertebrate remains often occur in excess of 50% of the sediment volume. Small percentages of clay are present.""",marl,"shelly/skeletal,gray",,"argillaceous,silty",Y,,,,,,estuary/bay,,"""intertidal conditions... coastal stream influences... hyposaline... estuarine""","macrofossils,mesofossils",,,,,,,,body,,,,,,,,,,,,,general faunal/floral,"bulk,sieve,field collection",,,,,,,,,marine,,actively mobile,nektonic,,omnivore,,,,phosphatic,,,,Sphyraena,Priabonian,Priabonian,Priabonian,Priabonian,Priabonian,"J. W. Westgate. 1984. Lower vertebrates from the Late Eocene Crow Creek local fauna, St. Francis County, Arkansas. Journal of Vertebrate Paleontology 4(4):536-546",35.95
462702,occ,,,32925.0,Sphyraena sp.,genus,36204.0,,Sphyraena,,Sphyraena,,genus,36204.0,Priabonian,,38.0,33.9,Lancaster,1986.0,12024.0,Chordata,Actinopteri,NO_ORDER_SPECIFIED,Sphyraenidae,Sphyraena,,,3,elements,-92.90166500000001,31.656668,,"Montgomery Landing, Yazoo Fm.",,,US,Louisiana,Grant,estimated from map,seconds,small collection,,gp_mid,"-77,81","36,01",101,US,,Yazoo,Jackson,Tullos,member,,,,,,,,age after Stringer 2016,"dark greenish-gray (5GY4/1) massive clays, with some silt, and is interrupted by three limestone units.",claystone,"gray,green",,silty,Y,"""limestone""",,,,,offshore shelf,,,macrofossils,,,,,,,,"body,original calcite,original phosphate",excellent,,,,,,,,,,occasional,,taxonomic,"selective quarrying,surface (in situ),field collection",,,,,,,,,marine,,actively mobile,nektonic,,omnivore,,,,phosphatic,,,,Sphyraena,Priabonian,Priabonian,Priabonian,Priabonian,Priabonian,W. C. Lancaster. 1986. The taphonomy of an archaeocete skeleton and its associated fauna. Proceedngs of the Gulf Coast Association of Geological Societies ,35.95
462784,occ,,,45640.0,Sphyraena sp.,genus,36204.0,,Sphyraena,,Sphyraena,,genus,36204.0,Priabonian,,38.0,33.9,Westgate,2001.0,12028.0,Chordata,Actinopteri,NO_ORDER_SPECIFIED,Sphyraenidae,Sphyraena,,,335,elements,-83.359169,32.905556,,Hardie Kaolin Mine,,"Wilkinson Mine, WKR Mine",US,Georgia,Wilkinson,stated in text,seconds,outcrop,coordinate given by Parmley and DeVore 2005; 3.9 km north-northeast of Gordon according to Parmley and Cicimurri 2005,gp_mid,"-67,74","35,8",109,US,,Clinchfield,Barnwell,,bed,,,,,,,,"from ""a 1-1.5-m-high stratum"" and spoil piles derived from it (Parmley and DeVore 2005)",coarse sands,sandstone,,,,Y,,coarse,,,,coastal indet.,,"""nearshore marine"" (Parmley and Cicimurri 2005)","macrofossils,mesofossils",,,,,,,,"body,original phosphate",,,,,,,,,,,,,general faunal/floral,"bulk,salvage,surface (float),sieve,field collection",,,,,,,"""Intensive surface collecting of spoil piles and screen washing of in situ sediments"" (Parmley and DeVore 2005)",,marine,,actively mobile,nektonic,,omnivore,,,,phosphatic,,,,Sphyraena,Priabonian,Priabonian,Priabonian,Priabonian,Priabonian,J. W. Westgate. 2001. Paleoecology and biostratigraphy of marginal marine gulf coast Eocene vertebrate localities. Eocene Biodiversity: Unusual Occurrences and Rarely Sampled Habitats ,35.95
872446,occ,,,96686.0,Sphyraena sp.,genus,36204.0,,Sphyraena,,Sphyraena,,genus,36204.0,Priabonian,,38.0,33.9,Adnet et al.,2010.0,32948.0,Chordata,Actinopteri,NO_ORDER_SPECIFIED,Sphyraenidae,Sphyraena,,,,,-16.031944,23.355,,"El Argoub, south B1",,,EH,,,estimated from map,seconds,local area,,gp_mid,"-12,33","18,44",714,EH,,Samlat,,Gerran,group of beds,,,,,,,,fossils found in unit 2 of 3; tentatively identified as the Gerran Member of the Samlat Formation,conglomeratic sandstone,sandstone,pebbly,,,,,,,,,coastal indet.,,,macrofossils,,,,,,,,"body,original phosphate",,,,,,,,,,,,,general faunal/floral,,,,,,,,,,marine,,actively mobile,nektonic,,omnivore,,,,phosphatic,,,,Sphyraena,Priabonian,Priabonian,Priabonian,Priabonian,Priabonian,"S. Adnet, H. Cappetta, and R. Tabuce. 2010. A Middle–Late Eocene vertebrate fauna (marine fish and mammals) from southwestern Morocco; preliminary report: age and palaeobiogeographical implications. Geological Magazine 147(6):860-870",35.95
1368793,occ,,,186636.0,Sphyraena sp.,genus,36204.0,,Sphyraena,,Sphyraena,,genus,36204.0,Rupelian,,33.9,28.1,Szabo et al.,2017.0,62585.0,Chordata,Actinopteri,NO_ORDER_SPECIFIED,Sphyraenidae,Sphyraena,,,,,18.70874,47.627758,,Máriahalom,,,HU,,,estimated from map,6,,"The upper Oligocene Máriahalom locality is a sandpit located 47 km north-west from Budapest (Hungary), along the south-western side of the road between the villages of Úny and Máriahalom (Fig. 2a).",gp_mid,"23,1","39,03",308,HU,,Törökbálint,,Mány,,,,,,,,,,,sandstone,,,,Y,,,,,,lagoonal,,"The Törökbálint Formation includes deposits from different palaeoenvironments including brackish to normal marine conditions (Korpás 1981; Nagymarosy 2012). The Mány Member, with a predominantly brackish mollusc community (e.g. Pirenella, Polymesoda, Potamides, Brotia; Báldi and Cságoly 1975), represents a transition between alluvial and normal marine conditions and is interpreted as a product of lagoonal environments (Báldi 1967; Nagymarosy and Gyalog 1997; Nagymarosy 2012). ",macrofossils,,,,,,,,body,,,,,,,,,,,,,general faunal/floral,,,,,,,,,,marine,,actively mobile,nektonic,,omnivore,,,,phosphatic,,,,Sphyraena,Rupelian,Rupelian,Rupelian,Rupelian,Rupelian,"M. Szabo, G. Botfalvai, and L. Kocsis, G. Carnevale, O. Sztano, Z. Evanics, M. Rabi. 2017. Upper Oligocene marine fishes from nearshore deposits of the Central Paratethys (Máriahalom, Hungary). Palaeobiodiversity and Palaeoenvironments ",31.0
747407,occ,,,17341.0,Sphyraena sp.,genus,36204.0,,Sphyraena,,Sphyraena,,genus,36204.0,Whitneyan,,33.3,30.8,Patton,1969.0,2738.0,Chordata,Actinopteri,NO_ORDER_SPECIFIED,Sphyraenidae,Sphyraena,,,,,-82.36666899999999,29.633333,,I-75,,,US,Florida,Alachua,based on political unit,minutes,small collection,"""approximately 1 mile west-southwest of Gainesville in a roadcut on Interstate Highway 75 (Subdivisions 1 and 2 of Lot 3 of the Gary Grant, T. 10 S., R. 19 E."" and shown on map as south of Daysville (basis of coordinate)\nin ""a roughly circular area no greater than 15 feet in diameter""",gp_mid,"-69,12","32,45",109,US,,,,,group of beds,,,,,,,,"said to be  Whitneyan\n""the greatest depth of the deposit... is probably not more than 6 feet""","""a massive, dark-brown to black, silty and slightly sandy clay. The clay is well consolidated in place but is readily friable when excavated... Dispersed throughout the deposit are small, crumbly cobbles of weathered Ocala limestone and some isolated invertebrate fossils from that formation""",claystone,black,poorly lithified,"silty,sandy",,,,,,,sinkhole,,"""in a small, shallow sinkhole developed in the irregular surface of the Ocala Limestone (Late Eocene)""","macrofossils,mesofossils",,,,,,,,body,,,,,,,,,frequent,,,"""almost all the fossil bones are dissociated and, for the most part, fragmentary"" but ""many small and delicate bones and teeth"" are preserved",general faunal/floral,"bulk,sieve,field collection",FLMNH,,,,"M. Kontrovitz, T. H. Patton",1965,"""recovery of most of the specimens was accomplished by means of washing and screening techniques""","""several sharks and fishes"" may have been reworked from the Ocala Limestone; Ostrea normalis is in a ""bar immediately above the bone-bearing beds""",marine,,actively mobile,nektonic,,omnivore,,,,phosphatic,,,,Sphyraena,Rupelian,Rupelian,Rupelian,Rupelian,Rupelian,T. H. Patton. 1969. An Oligocene land vertebrate fauna from Florida. Journal of Paleontology 43(2):543-546,32.05
663406,occ,,,71438.0,Sphyraena sp.,genus,36204.0,,Sphyraena,,Sphyraena,,genus,36204.0,Ypresian,,56.0,47.8,Rose et al.,2006.0,24154.0,Chordata,Actinopteri,NO_ORDER_SPECIFIED,Sphyraenidae,Sphyraena,,,,,72.98278,21.326389000000002,,Vastan Lignite Mine (marine vertebrates),,,IN,Gujarat,District Surat,estimated from map,seconds,,"Vastan Lignite Mine, Taluka Mangrol, District Surat, Gujarat, India; about 3 km northeast of the village Nani Naroli",gp_mid,"70,58","-6,77",501,IN,,Cambay Shale,,,bed,,,,,,,,"age based on Nummulites burdigalensis, which implies Shallow Benthic Zone 10 according to Bajpai et al, and SBZ 10-11 according to Rose et al.\nmarine and terrestrial fossils are from two immediately adjacent beds (Rose et al.)","""a marine shelly layer, containing shark and fish remains""","""siliciclastic""",shelly/skeletal,,,,,,,,,marine indet.,,,,,,,,,,,body,,,,,,,,,,,,,general faunal/floral,"bulk,sieve,field collection",,,,,,,"collections are in the Department of Geology, H. N. B. Garhwal University",,marine,,actively mobile,nektonic,,omnivore,,,,phosphatic,,,,Sphyraena,Ypresian,Ypresian,Ypresian,Ypresian,Ypresian,"K. D. Rose, T. Smith, and R. S. Rana, A. Sahni, H. Sing, P. Missiaen, A. Folie. 2006. Early Eocene (Ypresian) continental vertebrate assemblage from India, with description of a new anthracobunid (Mammalia, Tethytheria). Journal of Vertebrate Paleontology 26(1):219-225",51.9
1503175,occ,,,209524.0,Sphyraena sp.,genus,36204.0,,Sphyraena,,Sphyraena,,genus,36204.0,Ypresian,Lutetian,56.0,41.3,Ebersole et al.,2019.0,71232.0,Chordata,Actinopteri,NO_ORDER_SPECIFIED,Sphyraenidae,Sphyraena,,,1,specimens,-88.731415,31.307331,,ADl-1,,,US,Alabama,Dale,estimated from map,6,,needs better location specificity,gp_mid,"-67,03","35,04",109,US,,Tallahatta,,,,,,,,,,,,,not reported,,,,,,,,,,marine indet.,,,macrofossils,,,,,,,,body,,,,,,,,,,,,,general faunal/floral,,,,,,,,,,marine,,actively mobile,nektonic,,omnivore,,,,phosphatic,,,,Sphyraena,Ypresian,-,Ypresian,-,"Ypresian, Lutetian","J. A. Ebersole, D. J. Cicimurri, and G. L. Stringer. 2019. Taxonomy and biostratigraphy of the elasmobranchs and bony fishes (Chondrichthyes and Osteichthyes) of the lower-to-middle Eocene (Ypresian to Bartonian) Claiborne Group in Alabama, USA, including an analysis of otoliths. European Journal of Taxonomy 585:1-274",48.65
1503301,occ,,,81179.0,Sphyraena sp.,genus,36204.0,,Sphyraena,,Sphyraena,,genus,36204.0,Ypresian,Lutetian,56.0,41.3,Ebersole et al.,2019.0,71232.0,Chordata,Actinopteri,NO_ORDER_SPECIFIED,Sphyraenidae,Sphyraena,,,17,specimens,-86.51666999999999,31.366667,,ACov-11 Tallahatta,,,US,Alabama,Covington,based on nearby landmark,minutes,small collection,"On left (east) bank of Conecuh River just below Point A Dam, 1 mile in straight line north of bridge on U.S. Highway 84 in sec.35, T.5N., R.15E.",gp_mid,"-64,78","34,63",109,US,,Tallahatta,Claiborne,Lower,group of beds,,,,,,,,None specific to this site.,Greenish-gray firm but unlithified clayey glauconitic sand.,sandstone,"glauconitic,gray,green",unlithified,,,,,,,,shallow subtidal indet.,,,mesofossils,,,,,,,,body,,,,,,,,,,,,,biostratigraphic,field collection,,,,,,,,,marine,,actively mobile,nektonic,,omnivore,,,,phosphatic,,,,Sphyraena,Ypresian,-,Ypresian,-,"Ypresian, Lutetian","J. A. Ebersole, D. J. Cicimurri, and G. L. Stringer. 2019. Taxonomy and biostratigraphy of the elasmobranchs and bony fishes (Chondrichthyes and Osteichthyes) of the lower-to-middle Eocene (Ypresian to Bartonian) Claiborne Group in Alabama, USA, including an analysis of otoliths. European Journal of Taxonomy 585:1-274",48.65
1388570,occ,,,190889.0,Sphyraena argentea,species,395056.0,,Sphyraena argentea,N,Sphyraena argentea,,species,395056.0,Late Pleistocene,,0.126,0.0117,Long,1993.0,33088.0,Chordata,Actinopteri,NO_ORDER_SPECIFIED,Sphyraenidae,Sphyraena,,,,,-117.902222,33.657222999999995,,"Newport Boulevard, Costa Mesa",,UCMP V93124,US,California,Orange,stated in text,seconds,,,gp_mid,,,coordinates not computable using this model,US,,Palos Verdes Sand,,,,,,,,,,,"estimated to be about 120,000 to 130,000 years old (Barrie et al., 1991)",,sandstone,,,,Y,,,,,,marine indet.,,,macrofossils,,,,,,,,body,,,,,,,,,,,,,general faunal/floral,,,,,,,,,,marine,,actively mobile,nektonic,,omnivore,,,,phosphatic,,,,Sphyraena,Late Pleistocene,Late Pleistocene,Late Pleistocene,Late Pleistocene,Late Pleistocene,"D. J. Long. 1993. Preliminary List of the Marine Fishes and Other Vertebrate Remains from the Late Pleistocene Palos Verdes Sand Formation at Costa Mesa, Orange County, California. PaleoBios 15(1):9-13",0.06885
533384,occ,,,20400.0,Sphyraena barracuda,species,83285.0,,Sphyraena barracuda,N,Sphyraena barracuda,,species,83284.0,Irvingtonian,,1.8,0.3,Hulbert and Morgan,1989.0,1960.0,Chordata,Actinopteri,NO_ORDER_SPECIFIED,Sphyraenidae,Sphyraena,,,,,-82.5,27.700001,,Leisey Shell Pit 1A,,,US,Florida,Hillsborough,stated in text,minutes,,7 km SW of Ruskin,gp_mid,"-82,13","27,87",109,US,,Bermont,,,,,Leisy,4,bottom to top,,,,said to be early Irvingtonian,"""unconsolidated, poorly sorted... fine-grained sand, silt, and dark brown mud"" with many mollusc, vertebrate, and plant fossils",sandstone,,unlithified,,,siltstone,,unlithified,,,estuary/bay,,"""shallow coastal mangrove-lined bay located adjacent to, or at the mouth of a river""","macrofossils,mesofossils",,,,,"fractures,tooth marks",,,body,,parautochthonous,,,-seasonal,random,,medium,,,occasional,long-term attritional assemblage\naquatic fauna is autochthonous and terrestrial fauna is allochthonous,general faunal/floral,selective quarrying,,,2300 specimens,,,,,"entirely within a reversed polarity interval: MacFadden 1995\nSr isotope date of 2.08 +/- 0.56 Ma: Jones et al. 1995\ncontrary to MacFadden 1995, above evidence could place this not only in C1r.1r but also in C2r or C2r.1r; mammal biochronology is compatible with either of the former two\ndate could be narrowed to C1r.1r, following MacFadden, by assuming that 1) Leisey 1A and 3A are in the same chron, and 2) the Sr dates are reliable despite the 0.75 Ma discrepancy between them; I find these assumptions to be mutually contradictory\nthere are ""over 15,000"" vertebrate specimens, ""the majority of which are from Leisey 1A"" (Morgan and Hulbert 1995); 15.3% of specimens in a test square were mammalian (Pratt and Hulbert 1995), suggesting that about 2300 mammalian specimens come from this site\nfrom Leisey Shell Pit, exact locality unknown: Eremotherium eomigrans De Iulis and Cartelle 1999\n""Panthera cf. onca"" is omitted by Berta 1995\nNerodia sp. and cf. Coluber sp. are listed by Hulbert and Morgan, but are from other Leisey collections according to Meylan 1995\nonly the most common molluscs are listed and genus names of other marine invertebrates are not given",marine,,actively mobile,nektonic,,omnivore,,,,phosphatic,,,,Sphyraena,Calabrian,-,Calabrian,"Calabrian, Middle Pleistocene","Calabrian, Middle Pleistocene","R. C. Hulbert, Jr. and G. S. Morgan. 1989. Stratigraphy, paleoecology, and vertebrate fauna of the Leisey Shell Pit Local Fauna, early Pleistocene (Irvingtonian) of southwestern Florida. Papers in Florida Paleontology 2:1-19",1.05
1236060,occ,,,162678.0,Sphyraena barracuda,species,83285.0,,Sphyraena barracuda,N,Sphyraena barracuda,,species,83284.0,Late Miocene,,11.607999999999999,5.332999999999999,Laurito,1999.0,52965.0,Chordata,Actinopteri,NO_ORDER_SPECIFIED,Sphyraenidae,Sphyraena,,,,,-82.56527700000001,9.5725,,Alto Guayacan,,,CR,Limon,,stated in text,seconds,local area,Rio Sixaola,gp_mid,"-81,01","10,8",204,CR,,Uscari,Limon,,formation,,,,,,,,Age based in Collins et al.,,claystone,green,,,Y,,,,,,marine indet.,,,macrofossils,,,shells,,,,,body,,,,,,,,,,,,,taxonomic,"bulk,sieve,field collection,survey of museum collection",,some genera,,,,,Material from Museo de Zoologia de Ia Escuela de Biologia (UCR),,marine,,actively mobile,nektonic,,omnivore,,,,phosphatic,,,,Sphyraena,Tortonian,-,Tortonian,"Tortonian, Messinian","Tortonian, Messinian",C. A. Laurito. 1999. Los selaceos fósiles de Ia localidad de Alto Guayacan ( y otros ictiolitos asociados). ,8.4705
1192402,occ,,,154111.0,Sphyraena barracuda,species,83285.0,,Sphyraena barracuda,N,Sphyraena barracuda,,species,83284.0,Pliocene,,5.332999999999999,2.588,Antunes,1977.0,49963.0,Chordata,Actinopteri,NO_ORDER_SPECIFIED,Sphyraenidae,Sphyraena,,,,,13.3,-8.75,,Farol das Lagostas,,,AO,,,based on nearby landmark,minutes,outcrop,5Km NE from Luanda,gp_mid,"13,19","-9,73",701,AO,,Luanda,,,group of beds,,,,,Cuanza,,,"Age stated in the text (Antunes, 1975)",,not reported,,,,,,,,,,coastal indet.,,,macrofossils,,,,,,,,body,,,,,,,,,,,,,general faunal/floral,field collection,,some genera,,,,,"Main collection kept at the museum of Servicos de Geologia e Minas, Luanda",,marine,,actively mobile,nektonic,,omnivore,,,,phosphatic,,,,Sphyraena,Zanclean,-,Zanclean,"Zanclean, Piacenzian","Zanclean, Piacenzian","M. T. Antunes. 1977. Late Neogene fish faunas from Angola, their age and significance. Journal of the Paleontological Society of India 20:224-229",3.9604999999999997
248333,occ,,,24237.0,Sphyraena barracuda,species,83285.0,,Sphyraena barracuda,N,Sphyraena barracuda,,species,83284.0,Tortonian,,11.62,7.246,Gillette,1984.0,6853.0,Chordata,Actinopteri,NO_ORDER_SPECIFIED,Sphyraenidae,Sphyraena,,,,,-79.800003,9.35,,Sabanita [lower Gatun Fm],,,PA,,,stated in text,minutes,outcrop,"""from a single locality (Fig. 1) on a hillside 0.5 km north of the town of Sabanita (10 km east of Colon), on the north end of Gatun Lake""",gp_mid,"-77,53","10,29",230,PA,,Gatun,,lower Gatun,,,,,,,,,"thought to be ""basal"" in section. AGE: Late/Upper Hemingfordian-Early/Lower Barstovian in Gillete (1984). Emended to Tortonian based on more recent dating (Hendy, 2012). Sr dating for nearby sections indicates an age of approximately 11.5 Ma (Hendy, unpublished data)","""marly clay""",claystone,,,argillaceous,Y,,,,,,marine indet.,,"formation is primarily ""sandstone and siltstone"" but fossiliferous horizon is a clay\nenvironment not discussed but clearly marine","macrofossils,mesofossils",,,,,,,,body,,,,,,,,,,,,,taxonomic,"bulk,salvage,surface (float),chemical,sieve,field collection",,,,,,,"""site had been exposed by heavy-equipment excavations for a housing development and had lain bare to erosion for several years. Fossil teeth and bones were exposed there along with abundant molluscan remains... Approximately one English ton... of sediment was collected and screen-washed by traditional wet-sieving methods... 25-mesh screen... heavy-liquid sorting"" was used",,marine,,actively mobile,nektonic,,omnivore,,,,phosphatic,,,,Sphyraena,Tortonian,Tortonian,Tortonian,Tortonian,Tortonian,"D. D. Gillette. 1984. A marine ichthyofauna from the Miocene of Panama, and the Tertiary Caribbean faunal province. Journal of Vertebrate Paleontology 4(2):172-186",9.433
467202,occ,,,46369.0,Sphyraena barracuda,species,83285.0,,Sphyraena barracuda,N,Sphyraena barracuda,,species,83284.0,Zanclean,,5.332999999999999,3.6,Morgan and Pratt,1983.0,12358.0,Chordata,Actinopteri,NO_ORDER_SPECIFIED,Sphyraenidae,Sphyraena,,,,,-81.66999799999999,26.717221999999996,,Hickey Creek,,UF LE001,US,Florida,Lee,,seconds,,,gp_mid,"-80,2","27,36",109,US,,Tamiami,,,,,,,,,,,,,"""limestone""",,,sandy,,,,,,Y,lagoonal/restricted shallow subtidal,,"shallow, nearshore, bay-like shelf affected by fluctuating sea levels and one or more rivers to the north, northeast, or northwest",macrofossils,,,,,,,,"body,original phosphate",,,,,,,,,,,,,taxonomic,"surface (in situ),sieve,field collection",FLMNH,,,,,,,,marine,,actively mobile,nektonic,,omnivore,,,,phosphatic,,,,Sphyraena,Zanclean,Zanclean,Zanclean,Zanclean,Zanclean,G. S. Morgan and A. E. Pratt. 1983. Recent discoveries of late Tertiary marine mammals in Florida. The Plaster Jacket 43:4-25,4.4665
593725,occ,,,48887.0,Sphyraena cf. barracuda,species,83285.0,,Sphyraena barracuda,N,Sphyraena barracuda,,species,83284.0,Aquitanian,Langhian,23.03,13.82,Purdy et al.,2001.0,18094.0,Chordata,Actinopteri,NO_ORDER_SPECIFIED,Sphyraenidae,Sphyraena,,,,,-76.800003,35.400002,,"Lee Creek, Pungo River Fm.",,,US,North Carolina,Beaufort,estimated from map,1,,,gp_mid,"-68,62","37,3",109,US,,Pungo River,,,,,,,,,,,Age after Ward 2008.,,"""carbonate""",,,,Y,,,,,,marine indet.,,,macrofossils,,,,,,,,"body,original phosphate",,,,,,,,,,,,,taxonomic,"salvage,surface (float),field collection",,,,,,,,,marine,,actively mobile,nektonic,,omnivore,,,,phosphatic,,,,Sphyraena,-,-,-,Burdigalian,"Aquitanian, Burdigalian, Langhian","R. W. Purdy, V. P. Schneider, and S. P. Applegate, J. H. McLellan, R. L. Meyer, B. H. Slaughter. 2001. The Neogene sharks, rays, and bony fishes from Lee Creek Mine, Aurora, North Carolina. Smithsonian Contributions to Paleobiology 90:71-202",18.425
1029416,occ,,,52183.0,Sphyraena cf. barracuda,species,83285.0,,Sphyraena barracuda,N,Sphyraena barracuda,,species,83284.0,Langhian,,15.97,13.82,Deméré et al.,1984.0,40942.0,Chordata,Actinopteri,NO_ORDER_SPECIFIED,Sphyraenidae,Sphyraena,,,,,-116.800003,32.116669,,La Mision,,UCMP 71116; SDSC 452; Mesa La Mision; FCM locality LM-1,MX,Baja California,,unpublished field data,minutes,,quarry just below top edge of Mesa de los Indios; 1 mi NE of Rancho la Pila,gp_mid,,,coordinates not computable using this model,MX,,Rosarito Beach,,Los Indios,member,,,,,,,,middle Miocene; bed D; Barstovian; Langhian age after Aranda-Manteca et al 1994,light gray sandstone,sandstone,gray,,,Y,,,,,,offshore shelf,,range from fluvatile and lacustrine to shallow open marine shelf,macrofossils,,,,,,,,"body,original phosphate",,,,,,,,,,,,,taxonomic,,,,,,,,,,marine,,actively mobile,nektonic,,omnivore,,,,phosphatic,,,,Sphyraena,Langhian,Langhian,Langhian,Langhian,Langhian,"T. A. Deméré, M. A. Roeder, and R. M. Chandler, J. A. Minch. 1984. Paleontology fo the Middle Miocene Los Indios Member of the Rosarito Beach Formation, Northwestern Baja California, Mexico. AAPG Pacific Section 54:47-56",14.895
1372041,occ,,,79793.0,Sphyraena cf. barracuda,species,83285.0,,Sphyraena barracuda,N,Sphyraena barracuda,,species,83284.0,Langhian,,15.97,13.82,Weems et al.,2017.0,62831.0,Chordata,Actinopteri,NO_ORDER_SPECIFIED,Sphyraenidae,Sphyraena,,,,,-76.83139,38.163334000000006,,"Stratford Hall, Langhian, Zones 10-11",,,US,Virginia,Westmoreland,estimated from map,seconds,local area,beaches on the Potomac River,gp_mid,"-69,78","39,85",109,US,,Calvert,Chesapeake,Plum Point,member,,,,,,,,,,not reported,,,,,,,,,,marine indet.,passive margin,,macrofossils,,,,,,,,body,,,,,,,,,,,,,general faunal/floral,,,,,,,,,,marine,,actively mobile,nektonic,,omnivore,,,,phosphatic,,,,Sphyraena,Langhian,Langhian,Langhian,Langhian,Langhian,"R. E. Weems, L. E. Edwards, and B. Landacre. 2017. Geology and biostratigraphy of the Potomac River Cliffs at Stratford Hall, Westmoreland County, Virginia. The Geological Society of America Field Guide 47:125-152",14.895
1372135,occ,,,126605.0,Sphyraena cf. barracuda,species,83285.0,,Sphyraena barracuda,N,Sphyraena barracuda,,species,83284.0,Serravallian,,13.82,11.62,Weems et al.,2017.0,62831.0,Chordata,Actinopteri,NO_ORDER_SPECIFIED,Sphyraenidae,Sphyraena,,,,,-76.83139,38.163334000000006,,"Stratford Hall, Serravallian",,,US,Virginia,Westmoreland,estimated from map,seconds,,,gp_mid,"-70,78","39,7",109,US,,Choptank,Chesapeake,,,,,,,,,,all but basal member,,not reported,,,,,,,,,,marine indet.,,,macrofossils,,,,,,,,body,,,,,,,,,,,,,general faunal/floral,,,,,,,,,,marine,,actively mobile,nektonic,,omnivore,,,,phosphatic,,,,Sphyraena,Serravallian,Serravallian,Serravallian,Serravallian,Serravallian,"R. E. Weems, L. E. Edwards, and B. Landacre. 2017. Geology and biostratigraphy of the Potomac River Cliffs at Stratford Hall, Westmoreland County, Virginia. The Geological Society of America Field Guide 47:125-152",12.719999999999999
930748,occ,,,15595.0,Sphyraena bognorensis,species,180567.0,,Sphyraena bognorensis,Y,Sphyraena bognorensis,,species,180567.0,Wasatchian,,55.8,50.3,Weems,1999.0,35576.0,Chordata,Actinopteri,NO_ORDER_SPECIFIED,Sphyraenidae,Sphyraena,,,,,-77.400002,38.299999,,Fisher/Sullivan Site,,,US,Virginia,Stafford,based on political unit,1,small collection,near Fredericksburg,gp_mid,"-51,06","39,32",109,US,,Nanjemoy,,Potapaco,,,,,,,,,said to be  Wasatchian,,,,,,,,,,,,terrestrial indet.,,,,,,,,,,,body,,,,,,,,,,,,,,,,,4 specimens,,,,,"town of Sullivan in Stafford County is at 38*18'43"" N, 77*24'35"" W<br>generically identifiable NISP 4",marine,,actively mobile,nektonic,,omnivore,,,,phosphatic,,,,Sphyraena,Ypresian,Ypresian,Ypresian,Ypresian,Ypresian,R. E. Weems. 1999. Part 4. Actinopterygian Fishes from the Fisher/Sullivan Site. Virginia Division of Mineral Resources Publication 152 ,53.05
1365338,occ,,,13299.0,Sphyraena n. sp. bognorensis,species,180567.0,,Sphyraena bognorensis,Y,Sphyraena bognorensis,,species,180567.0,Ypresian,,56.0,47.8,Casier,1966.0,28173.0,Chordata,Actinopteri,NO_ORDER_SPECIFIED,Sphyraenidae,Sphyraena,,,,,0.833333,51.400002,,"London Clay, Isle of Sheppey",,,UK,England,Kent,based on political unit,minutes,local area,"Warden Point, Isle of Sheppey",gp_mid,"8,27","42,57",315,UK,,London Clay,,,formation,,,,,,,,"MP8 + 9, NP12 (from Smith & Smith, 2003)",,claystone,,,,Y,,,,,,marine indet.,,,macrofossils,,,,,,,,body,,,,,,,,,,,,,general faunal/floral,,,,,,,,"Paratype of n. gen. and sp. Pimapus lacki, BMNH A3710, collected in 1936 by A. G. Davis.","whale locality, ""north shore Isle of Sheppey, Ord. Surv. sheet 172 map ref 975734""",marine,,actively mobile,nektonic,,omnivore,,,,phosphatic,,,,Sphyraena,Ypresian,Ypresian,Ypresian,Ypresian,Ypresian,E. Casier. 1966. Faune ichthyologique du London Clay. London: Natural History Museum Publications. ,51.9
1364517,occ,,,94830.0,Sphyraena bolcensis,species,353668.0,,Sphyraena bolcensis,Y,Sphyraena bolcensis,,species,353668.0,Ypresian,,56.0,47.8,Bannikov,2014.0,62285.0,Chordata,Actinopteri,NO_ORDER_SPECIFIED,Sphyraenidae,Sphyraena,,,,,11.21,45.578609,,Pesciara (Alveolina dainelli Zone),,Monte Bolca,IT,,,based on nearby landmark,seconds,,"Coordinates for village of Bolca, 2 km Southwest of Pesciara locality",gp_mid,"18,58","33,41",307,IT,,,,,group of beds,Alveolina dainelli,,,,,,,"""Upper Ypresian (uppermost Lower or lowermost Middle Eocene)""","""micritic limestone""","""limestone""",planar lamination,lithified,,Y,,,,,,lagoonal/restricted shallow subtidal,,"""shallow marine basin characterized by restricted circulation on the seafloor, exposed to pelagic, seagrass and coral reef biotic influences""",macrofossils,many,,,,,,,"body,mold/impression",excellent,,,,,,,,,,,,taxonomic,"selective quarrying,mechanical,survey of museum collection",FMNH,some genera,,,,,"FMNH and Museo Civico di Storia Naturale, Verona collections\r\n""prepared using thin needles""",,marine,,actively mobile,nektonic,,omnivore,,,,phosphatic,,,,Sphyraena,Ypresian,Ypresian,Ypresian,Ypresian,Ypresian,"A. F. Bannikov. 2014. The systematic composition of the Eocene actinopterygian fish fauna from Monte Bolca, northern Italy, as known to date. Studi e ricerche sui giacimenti terziari di Bolca, XV - Miscellanea paleontologica 12:23-34",51.9
1374765,occ,,,187654.0,Sphyraena n. sp. crassidens,species,358595.0,,Sphyraena crassidens,Y,Sphyraena crassidens,,species,358595.0,Early Miocene,,23.03,15.97,de Beaufort,1926.0,63005.0,Chordata,Actinopteri,NO_ORDER_SPECIFIED,Sphyraenidae,Sphyraena,,,,,119.575554,-5.0,,Patanuang Asue,,,ID,Maros,,estimated from map,seconds,,Not exactly sure where this locality is.,gp_mid,"126,01","-4,47",683,ID,,Tonasa Limestone,,,,,,,,,,,Stratigraphy from Wilson & Bosence (1996),,"""limestone""",,,,,,,,,,marine indet.,,,macrofossils,,,,,,,,body,,,,,,,,,,,,,general faunal/floral,,,,,,,,,,marine,,actively mobile,nektonic,,omnivore,,,,phosphatic,,,,Sphyraena,Burdigalian,-,Burdigalian,"Aquitanian, Burdigalian","Aquitanian, Burdigalian","L. F. de Beaufort. 1926. On a collection of marine fishes from the Miocene of South Celebes.  In H. A. Brouwer (ed.), Geologische Onderzoekingen in den Oostelijken Oost-Indischen Archiepel. Gravenhage-Algemeene Landsdrukkerij. ",19.5
GAB3,,,,,Sphyraena croatica,species,,,Sphyraena croatica,Y,,,,,Middle Miocene,,15.97,11.607999999999999,,,,,,,,Sphyraena,,,,,,,,,,,Croatia,,,,,,,,,,,,,,,,,,,,,,,,,,,,,,,,,,,,,,,,,,,,,,,,,,,,,,,,,,,,,,,,,,,,,,,,,,,,,,,,,,,,,,,,,,13.789
960870,occ,,,65162.0,Sphyraena cunhai,species,36204.0,species not entered,Sphyraena cunhai,Y,Sphyraena,,genus,36204.0,Early Miocene,,23.03,15.97,Araujo Tavora et al.,2010.0,36658.0,Chordata,Actinopteri,NO_ORDER_SPECIFIED,Sphyraenidae,Sphyraena,,,,,-48.170555,-0.48,,Sao Joao de Pirabas,,Ilha de Fortaleza; São João de Pirabas,BR,Para,,stated in text,seconds,,"ilha de Fortaleza, município de São João de Pirabas, nordeste do estado do Pará",gp_mid,"-42,41","-0,83",201,BR,,Pirabas,,,formation,,,,,,,,,,not reported,,,,,,,,,,coastal indet.,,,macrofossils,,,,,,,,body,,,,,,,,,,,,,general faunal/floral,,,,,,,,,,marine,,actively mobile,nektonic,,omnivore,,,,phosphatic,,,,Sphyraena,Burdigalian,-,Burdigalian,"Aquitanian, Burdigalian","Aquitanian, Burdigalian","V. Araujo Tavora, A. A. R. dos Santos, and R. N. Araujo. 2010. Localidades fossiliferas da Formacao Pirabas (Mioceno Inferior). Boletim do Museu Paraense Emílio Goeldi Ciências Naturais, Belém 5(2):207-224",19.5
960871,occ,,,65162.0,Sphyraena egleri,species,36204.0,species not entered,Sphyraena egleri,Y,Sphyraena,,genus,36204.0,Early Miocene,,23.03,15.97,Araujo Tavora et al.,2010.0,36658.0,Chordata,Actinopteri,NO_ORDER_SPECIFIED,Sphyraenidae,Sphyraena,,,,,-48.170555,-0.48,,Sao Joao de Pirabas,,Ilha de Fortaleza; São João de Pirabas,BR,Para,,stated in text,seconds,,"ilha de Fortaleza, município de São João de Pirabas, nordeste do estado do Pará",gp_mid,"-42,41","-0,83",201,BR,,Pirabas,,,formation,,,,,,,,,,not reported,,,,,,,,,,coastal indet.,,,macrofossils,,,,,,,,body,,,,,,,,,,,,,general faunal/floral,,,,,,,,,,marine,,actively mobile,nektonic,,omnivore,,,,phosphatic,,,,Sphyraena,Burdigalian,-,Burdigalian,"Aquitanian, Burdigalian","Aquitanian, Burdigalian","V. Araujo Tavora, A. A. R. dos Santos, and R. N. Araujo. 2010. Localidades fossiliferas da Formacao Pirabas (Mioceno Inferior). Boletim do Museu Paraense Emílio Goeldi Ciências Naturais, Belém 5(2):207-224",19.5
GAB4,,,,,Sphyraena fajumensis,species,,,Sphyraena fajumensis,Y,,,,,Eocene,,56.0,33.9,,,,,,,,Sphyraena,,,,,,,,,,,Egypt,,,,,,,,,,,,,,,,,,,,,,,,,,,,,,,,,,,,,,,,,,,,,,,,,,,,,,,,,,,,,,,,,,,,,,,,,,,,,,,,,,,,,,,,,,44.95
GAB5,,,,,Sphyraena gracile,species,,,Sphyraena gracile,Y,,,,,Tortonian (Late Miocene),,11.62,7.246,,,,,,,,Sphyraena,,,,,,,,,,,Portugal,,,,,,,,,,,,,,,,,,,,,,,,,,,,,,,,,,,,,,,,,,,,,,,,,,,,,,,,,,,,,,,,,,,,,,,,,,,,,,,,,,,,,,,,,,9.433
GAB6,,,,,Sphyraena hansfuchsi,species,,,Sphyraena hansfuchsi,Y,,,,,Miocene,,23.03,5.332999999999999,,,,,,,,Sphyraena,,,,,,,,,,,Austria,,,,,,,,,,,,,,,,,,,,,,,,,,,,,,,,,,,,,,,,,,,,,,,,,,,,,,,,,,,,,,,,,,,,,,,,,,,,,,,,,,,,,,,,,,14.1815
GAB7,,,,,Sphyraena intermedia,species,,,Sphyraena intermedia,Y,,,,,Rupelian (Early Oligocene),,33.9,28.1,,,,,,,,Sphyraena,,,,,,,,,,,Italy,,,,,,,,,,,,,,,,,,,,,,,,,,,,,,,,,,,,,,,,,,,,,,,,,,,,,,,,,,,,,,,,,,,,,,,,,,,,,,,,,,,,,,,,,,31.0
GAB8,,,,,Sphyraena kugleri,species,,,Sphyraena kugleri,Y,,,,,Late Eocene,,56.0,47.8,,,,,,,,Sphyraena,,,,,,,,,,,Barbardos,,,,,,,,,,,,,,,,,,,,,,,,,,,,,,,,,,,,,,,,,,,,,,,,,,,,,,,,,,,,,,,,,,,,,,,,,,,,,,,,,,,,,,,,,,51.9
GAB9,,,,,Sphyraena longimana,species,,,Sphyraena longimana,Y,,,,,Rupelian (Early Oligocene),,33.9,28.1,,,,,,,,Sphyraena,,,,,,,,,,,Iran,,,,,,,,,,,,,,,,,,,,,,,,,,,,,,,,,,,,,,,,,,,,,,,,,,,,,,,,,,,,,,,,,,,,,,,,,,,,,,,,,,,,,,,,,,31.0
754328,occ,,,60711.0,Sphyraena lugardi,species,358318.0,,Sphyraena lugardi,Y,Sphyraena lugardi,,species,358318.0,Lutetian,,47.8,41.3,Adegoke,1968.0,27147.0,Chordata,Actinopteri,NO_ORDER_SPECIFIED,Sphyraenidae,Sphyraena,,,,,7.5,5.0,,"Bivalvia, Schenck collection, Ameki",,,NG,,,estimated from map,minutes,local area,surroundings of Ameki,gp_mid,"7,49","-5,17",701,NG,,Ameki,,,formation,,,,,,,,,The formation is predominantly greenish-grey clayey sandstone and sandy claystone.  It may locally show shaley development or inclusions of white and mottled claystone and sandstone.  The typical greenish gray mudstone includes variable amounts of interbedded sandstone.,mudstone,green,,"argillaceous,sandy",,sandstone,,,,,marine indet.,,,macrofossils,,,,,,,,body,excellent,,,,,,,,,,,,taxonomic,survey of museum collection,,,1 specimens,,,,,"Foraminifera, ostracods, fish, crustaceans, and cephalopods are compiled by Adegoke (1968) as occurring in this formation, no specific locality information is given. ",marine,,actively mobile,nektonic,,omnivore,,,,phosphatic,,,,Sphyraena,Lutetian,Lutetian,Lutetian,Lutetian,Lutetian,O.S. Adegoke. 1968. Eocene stratigraphy of southern Nigeria. Memoires du Bureau de Recherches Geologiques et Minieres 69:23-47,44.55
1373810,occ,,,32905.0,Sphyraena n. sp. lugardi,species,358318.0,,Sphyraena lugardi,Y,Sphyraena lugardi,,species,358318.0,Bartonian,,41.3,38.0,White,1926.0,34745.0,Chordata,Actinopteri,NO_ORDER_SPECIFIED,Sphyraenidae,Sphyraena,,,,,7.5152,5.5551,,"Ameki, SE of",,,NG,,,stated in text,6,local area,coordinates stated in Gingerich et al. 2005,gp_mid,"7,66","-3,49",701,NG,,Ameki,Bende-Ameki,,formation,,,,,,,,Bartonian age after Gingerich (2010),,not reported,,,,,,,,,,deep-water indet.,,The Ameki Formation exhibits deeper marine formations that progress seaward due to the abundance of shale in the stratigraphy. ,macrofossils,,,,,,,,"body,original phosphate",,,,,,,,,,,,,taxonomic,"surface (float),field collection",,,4 specimens,,,,,,marine,,actively mobile,nektonic,,omnivore,,,,phosphatic,,,,Sphyraena,Bartonian,Bartonian,Bartonian,Bartonian,Bartonian,E. I. White. 1926. Eocene fishes from Nigeria. Bulletin of the Geological Survey of Nigeria 10:1-87,39.65
945495,occ,,,61249.0,Sphyraena cf. major,species,391734.0,,Sphyraena major,Y,Sphyraena major,,species,391734.0,Bartonian,,41.3,38.0,Breard,1991.0,36265.0,Chordata,Actinopteri,NO_ORDER_SPECIFIED,Sphyraenidae,Sphyraena,,,,,-90.193054,32.901112,,Tesheva Creek,,"Techeva Creek, MGS Locality 11",US,Mississippi,Yazoo,estimated from map,seconds,,"Section 9, T.12N, R.1E",gp_mid,"-72,68","36,92",101,US,,Moodys Branch,Jackson,,,,,,,,,,late middle Eocene,,sandstone,glauconitic,,,Y,,,,,,coastal indet.,,,macrofossils,,,,,,,,body,,,,,,,,,,,,,general faunal/floral,,,,,,,,,,marine,,actively mobile,nektonic,,omnivore,,,,phosphatic,,,,Sphyraena,Bartonian,Bartonian,Bartonian,Bartonian,Bartonian,"S. Q. Breard. 1991. Paleoecology of a late Eocene (Bartonian) vertebrate fauna, Moodys Branch Formation, Techeva Creek, Mississippi. Gulf Coast Association of Geological Societies Transactions 41:43-55",39.65
534006,occ,,,3534.0,Sphyraena major,species,391734.0,,Sphyraena major,Y,Sphyraena major,,species,391734.0,Bartonian,,41.3,38.0,McPherson and Manning,1986.0,14727.0,Chordata,Actinopteri,NO_ORDER_SPECIFIED,Sphyraenidae,Sphyraena,,,,,-92.147224,32.234165000000004,,Montgomery Landing (Moodys Branch),,,US,Louisiana,Grant,based on nearby landmark,seconds,small collection,"Montgomery Landing, on the Red River in SE1/4 sec. 25, T 8 N, R 5 W",gp_mid,"-74,86","36,59",101,US,,Moodys Branch,Jackson,,group of beds,,,,,,,,"supposedly ""Auversian""; stage assignment based on Baum et al. 1994\r\nMoodys Branch=Bartonian (JAS 14 October 2010)",,sandstone,,,,,,,,,,marine indet.,,,mesofossils,,,,,,,,body,,,,,,,,,,,,,biostratigraphic,,,,,,,,,,marine,,actively mobile,nektonic,,omnivore,,,,phosphatic,,,,Sphyraena,Bartonian,Bartonian,Bartonian,Bartonian,Bartonian,"A. B. McPherson and E. M. Manning. 1986. New records of Eocene sea snakes (Pterosphenus) from Louisiana. Montgomery Landing Site, marine Eocene (Jackson) of central Louisiana. Gulf Coast Association of Geological Societies Symposium Proceedings. ",39.65
945445,occ,,,75638.0,Sphyraena major,species,391734.0,,Sphyraena major,Y,Sphyraena major,,species,391734.0,Priabonian,,38.0,33.9,Breard and Stringer,1995.0,36264.0,Chordata,Actinopteri,NO_ORDER_SPECIFIED,Sphyraenidae,Sphyraena,,,730,specimens,-91.976028,31.965491999999998,,Ouachita River,,Copenhagen,US,Louisiana,Caldwell,estimated from map,6,,"on the Ouachita* river, in the state of Louisiana, at a distance (south) of about fifty miles by land, and one hundred and ten by water from the town of Monroe, in the parish of Ouachita, and in lat. 31? 46' or 48'...The hill, in which the bones herewith presentedwere found, is within the limits above described, at a distance of not more than two hundred yards from the Ouachita river.\r\n\r\nOriginally said to be from Ouachita Parish, but at the time, Ouachita Parish was much larger. This spot is now in Caldwell Parish.",gp_mid,"-76,79","36,18",101,US,,Yazoo,Jackson,Tullos,member,,,,,,,,"Kellogg (1936) only identifies the source rock a ""Jackson Formation, upper Eocene""",,marl,,,,Y,,,,,,offshore shelf,,turbid-water setting at middle neritic (30-50 m depth) depositional setting,macrofossils,,,,,,,,body,,,,,,,,,,,,,paleoecologic,,,,,,,,,,marine,,actively mobile,nektonic,,omnivore,,,,phosphatic,,,,Sphyraena,Priabonian,Priabonian,Priabonian,Priabonian,Priabonian,"S. Q. Breard and G. L. Stringer. 1995. Paleoenvironment of a diverse marine vertebrate fauna from the Yazoo Clay (Late Eocene) at Copenhagen, Caldwell Parish, Louisiana. Gulf Coast Association of Geological Societies Transactions 45:77-85",35.95
GAB10,,,,,Sphyraena major,species,,,Sphyraena major,Y,,,,,Rupelian (Early Oligocene),,33.9,28.1,,,,,,,,Sphyraena,,,,,,,,,,,United States,,,,,,,,,,,,,,,,,,,,,,,,,,,,,,,,,,,,,,,,,,,,,,,,,,,,,,,,,,,,,,,,,,,,,,,,,,,,,,,,,,,,,,,,,,31.0
GAB11,,,,,Sphyraena malembeensis,species,,,Sphyraena malembeensis,Y,,,,,Rupelian (Early Oligocene),,33.9,28.1,,,,,,,,Sphyraena,,,,,,,,,,,Angola,,,,,,,,,,,,,,,,,,,,,,,,,,,,,,,,,,,,,,,,,,,,,,,,,,,,,,,,,,,,,,,,,,,,,,,,,,,,,,,,,,,,,,,,,,31.0
GAB12,,,,,Sphyraena muelleri,species,,,Sphyraena muelleri,Y,,,,,Late Oligocene,,33.9,28.1,,,,,,,,Sphyraena,,,,,,,,,,,---,,,,,,,,,,,,,,,,,,,,,,,,,,,,,,,,,,,,,,,,,,,,,,,,,,,,,,,,,,,,,,,,,,,,,,,,,,,,,,,,,,,,,,,,,,31.0
1463860,occ,,,204328.0,Sphyraena novaehollandiae,species,394338.0,,Sphyraena novaehollandiae,N,Sphyraena novaehollandiae,,species,394338.0,Pleistocene,,2.588,0.0117,Chapman and Cudmore,1924.0,61719.0,Chordata,Actinopteri,NO_ORDER_SPECIFIED,Sphyraenidae,Sphyraena,,,,,144.932999,-37.813377,,West Melbourne Swamp,,Batman's Swamp,AU,Victoria,,based on nearby landmark,6,,,gp_mid,"145,09","-38,41",801,AU,,,,,,,,,,,,,,,not reported,,,,,,,,,,marine indet.,,,macrofossils,,,,,,,,body,,,,,,,,,,,,,general faunal/floral,,,,,,,,,,marine,,actively mobile,nektonic,,omnivore,,,,phosphatic,,,,Sphyraena,-,-,-,"Gelasian, Calabrian, Middle Pleistocene, Late Pleistocene","Gelasian, Calabrian, Middle Pleistocene, Late Pleistocene","F. Chapman and F. A. Cudmore. 1924. New or little-known fossils in the National Museum, Part XXVII.-Some Cainozoic fish remains, with a revision of the group. Royal Society of Victoria. Ciudad Universitaria. 36(2):107-162",1.29985
467182,occ,,,46365.0,Sphyraena obtusata,species,36204.0,species not entered,Sphyraena obtusata,N,Sphyraena,,genus,36204.0,Middle Miocene,,15.97,11.607999999999999,Bhalla and Dev,1988.0,12352.0,Chordata,Actinopteri,NO_ORDER_SPECIFIED,Sphyraenidae,Sphyraena,,,,,86.72694399999999,21.850555,,"Mukurmatia Local, Unit 3, Baripada Beds",,,IN,Orissa,,based on nearby landmark,seconds,,"On a sharp bend of the Burhabaing River, near the Village of Mukurmatia, approximately 10 km due south of the village of Baripada",gp_mid,"86,27","13,33",501,IN,,,,,group of beds,,,,,,,,,"Grey to greyish-green finely laminated, splintry at places, fossiliferous","""shale""","planar lamination,gray,green",,,Y,,,,,,paralic indet.,,,,,,,,,,,,,,,,,,,,,,,,paleoecologic,,,,,,,,,,marine,,actively mobile,nektonic,,omnivore,,,,phosphatic,,,,Sphyraena,Serravallian,-,Serravallian,"Langhian, Serravallian, Tortonian","Langhian, Serravallian, Tortonian","S. N. Bhalla and P. Dev. 1988. Paleoecology of Baripada beds (Middle Miocene), East Coast of India. Bulletin of the Indian Geologists' Association 21(2):141-153",13.789
1236205,occ,,,56459.0,Sphyraena olisiponenesis,species,36204.0,species not entered,Sphyraena substriata,Y,Sphyraena,,genus,36204.0,Late Miocene,,11.607999999999999,5.332999999999999,Jonet et al.,1975.0,52968.0,Chordata,Actinopteri,NO_ORDER_SPECIFIED,Sphyraenidae,Sphyraena,,,,,-9.202222,39.06778,,Penedo,,,PT,,,estimated from map,seconds,,north of Cabo Espichel,gp_mid,"-8,01","37,95",304,PT,,,,,,,,,,,,,,,sandstone,glauconitic,,calcareous,Y,,,,,,coastal indet.,,,macrofossils,,,,,,,,"body,replaced with phosphate",,,,,,,,,,,,,general faunal/floral,,,,,,,,,,marine,,actively mobile,nektonic,,omnivore,,,,phosphatic,,,,Sphyraena,Tortonian,-,Tortonian,"Tortonian, Messinian","Tortonian, Messinian","S. Jonet, Y. Kotchetoff, and B. Kotchetoff. 1975. Communicacoes dos Servicos Geológicos de Portugal. 59:193-228",8.4705
1373989,occ,,,187577.0,Sphyraena olisiponensis,species,36204.0,species not entered,Sphyraena substriata,Y,Sphyraena,,genus,36204.0,Burdigalian,Tortonian,20.44,7.246,Gagnaison,2017.0,62965.0,Chordata,Actinopteri,NO_ORDER_SPECIFIED,Sphyraenidae,Sphyraena,,,,,0.328056,47.325832,,"Grand Morier, assemblage no. 3",,,FR,,,stated in text,seconds,,"located in the heart of the Ligerian Basin, 40 kilometers West from the city of Tours",gp_mid,"2,58","44,96",305,FR,,,,,,,,,,,,,late Burdigalian to Tortonian,,not reported,,,,Y,,,,,,marine indet.,,,macrofossils,,,,,,,,body,,,,,,,,,,,,,general faunal/floral,,,,,,,,,,marine,,actively mobile,nektonic,,omnivore,,,,phosphatic,,,,Sphyraena,-,-,-,-,"Burdigalian, Langhian, Serravallian, Tortonian","C. Gagnaison. 2017. Le site paléontologique du Grand Morier (Pont-Boutard, Indre-et-Loire, France): contexte géologique et détail biostratigraphique des formations cénozoïques à partir des assemblages de vertébrés fossiles. Geodiversitas 39(2):251-271",13.843
1364249,occ,,,124377.0,Sphyraena n. sp. pannonica,species,353121.0,,Sphyraena pannonica,Y,Sphyraena pannonica,,species,353121.0,Rupelian,,33.9,28.1,Weiler,1938.0,62276.0,Chordata,Actinopteri,NO_ORDER_SPECIFIED,Sphyraenidae,Sphyraena,,,,,19.033333,47.533333,,"Budapest, Ujlaki Teglagyar",,,HU,,,estimated from map,minutes,small collection,,gp_mid,"23,34","38,88",308,HU,,,,,bed,,,,,,,,,,not reported,,,,,,,,,,marine indet.,,,macrofossils,,,,,,,,body,,,,,,,,,,,,,taxonomic,survey of museum collection,,,,,,,,,marine,,actively mobile,nektonic,,omnivore,,,,phosphatic,,,,Sphyraena,Rupelian,Rupelian,Rupelian,Rupelian,Rupelian,"W. Weiler. 1938. Neue Untersuchungen an Mitteloligozänen Fischen Ungarns. Geologica Hungarica, Series Palaeontologica 15:1-31",31.0
GAB13,,,,,Sphyraena senni,species,,,Sphyraena senni,Y,,,,,Late Eocene,,56.0,47.8,,,,,,,,Sphyraena,,,,,,,,,,,Barbardos,,,,,,,,,,,,,,,,,,,,,,,,,,,,,,,,,,,,,,,,,,,,,,,,,,,,,,,,,,,,,,,,,,,,,,,,,,,,,,,,,,,,,,,,,,51.9
1348488,occ,,,182709.0,Sphyraena sphyraena,species,36204.0,species not entered,Sphyraena sphyraena,N,Sphyraena,,genus,36204.0,Late Pleistocene,Holocene,0.126,0.0,Stiner and Munro,2011.0,60903.0,Chordata,Actinopteri,NO_ORDER_SPECIFIED,Sphyraenidae,Sphyraena,,,,,23.145,37.414722,,Franchthi Cave,,,GR,Argolida,,,seconds,,"Franchthi Cave is a very large, elongate chamber in a Lower Cretaceous limestone headland. It sits on the southwestern shore of the Argolid Peninsula.",gp_mid,"23,15","37,41",307,GR,,,,,,,,,,,,,,,not reported,,,,,,,,,,cave,,,"macrofossils,mesofossils,microfossils",none,,"teeth,limb elements,shells",,fractures,"stone tools,cutmarks,bone tools,burned bone,charcoal/hearths",,"body,charcoalification,anthropogenic",,,,,,,,,,,,,taphonomic,"surface (in situ),sieve,field collection",,all microfossils,17975,1400 cm3 (volume),,,,This collection refers to the trench H1B,marine,,actively mobile,nektonic,,omnivore,,,,phosphatic,,,,Sphyraena,Late Pleistocene,-,Late Pleistocene,"Late Pleistocene, Holocene","Late Pleistocene, Holocene","M. C. Stiner and N. D. Munro. 2011. On the evolution of diet and landscape during the Upper Paleolithic through Mesolithic at Franchthi Cave (Peloponnese, Greece). Journal of Human Evolution 60:618-636",0.063
GAB14,,,,,Sphyraena sternbergensis,species,,,Sphyraena sternbergensis,Y,,,,,Eocene,,56.0,33.9,,,,,,,,Sphyraena,,,,,,,,,,,Germany,,,,,,,,,,,,,,,,,,,,,,,,,,,,,,,,,,,,,,,,,,,,,,,,,,,,,,,,,,,,,,,,,,,,,,,,,,,,,,,,,,,,,,,,,,44.95
GAB15,,,,,Sphyraena striata,species,,,Sphyraena striata,Y,,,,,Ypresian (Early Eocene),,56.0,47.8,,,,,,,,Sphyraena,,,,,,,,,,,Belgium,,,,,,,,,,,,,,,,,,,,,,,,,,,,,,,,,,,,,,,,,,,,,,,,,,,,,,,,,,,,,,,,,,,,,,,,,,,,,,,,,,,,,,,,,,51.9
1230919,occ,,,162017.0,Sphyraena substriata,species,357162.0,,Sphyraena substriata,Y,Sphyraena substriata,,species,357161.0,Badenian,,13.65,12.7,Schultz,1979.0,52778.0,Chordata,Actinopteri,NO_ORDER_SPECIFIED,Sphyraenidae,Sphyraena,,,,,20.516666,50.666668,,"Korytnica Clays, Holy Cross Mts.",,,PL,,,based on nearby landmark,minutes,small collection,Locality in Fore- Carpathian Depression in South Poland,gp_mid,"21,83","48,06",305,PL,,,,,group of beds,,,,,,,,,,claystone,,,,,"""limestone""",,,,,"reef, buildup or bioherm",,,macrofossils,,,,,,,,body,good,,,,,,,,,,,,taxonomic,,,,,,,,,,marine,,actively mobile,nektonic,,omnivore,,,,phosphatic,,,,Sphyraena,Serravallian,Serravallian,Serravallian,Serravallian,Serravallian,"O. Schultz. 1979. Supplementary notes on elasmobranch and teleost fish remains from the Korytnica Clays (Middle Miocene; Holy Cross Mountains, Central Poland). Acta Geologica Polonica 29(3):287-293",13.175
GAB16,,,,,Sphyraena substriata,species,,,Sphyraena substriata,Y,,,,,Middle Miocene,,15.97,11.607999999999999,,,,,,,,Sphyraena,,,,,,,,,,,Austria and Portugal,,,,,,,,,,,,,,,,,,,,,,,,,,,,,,,,,,,,,,,,,,,,,,,,,,,,,,,,,,,,,,,,,,,,,,,,,,,,,,,,,,,,,,,,,,13.789
GAB17,,,,,Sphyraena tyrolensis,species,,,Sphyraena tyrolensis,Y,,,,,Oligocene,,33.9,23.03,,,,,,,,Sphyraena,,,,,,,,,,,Switzerland,,,,,,,,,,,,,,,,,,,,,,,,,,,,,,,,,,,,,,,,,,,,,,,,,,,,,,,,,,,,,,,,,,,,,,,,,,,,,,,,,,,,,,,,,,28.465
GAB18,,,,,Sphyraena viannai,species,,,Sphyraena viannai,Y,,,,,Eocene,,56.0,33.9,,,,,,,,Sphyraena,,,,,,,,,,,Congo,,,,,,,,,,,,,,,,,,,,,,,,,,,,,,,,,,,,,,,,,,,,,,,,,,,,,,,,,,,,,,,,,,,,,,,,,,,,,,,,,,,,,,,,,,44.95
GAB19,,,,,Sphyraena viennensis,species,,,Sphyraena viennensis,Y,,,,,Middle Miocene,,15.97,11.607999999999999,,,,,,,,Sphyraena,,,,,,,,,,,Austria,,,,,,,,,,,,,,,,,,,,,,,,,,,,,,,,,,,,,,,,,,,,,,,,,,,,,,,,,,,,,,,,,,,,,,,,,,,,,,,,,,,,,,,,,,13.789
GAB20,,,,,Sphyraena weberi,species,,,Sphyraena weberi,Y,,,,,Miocene,,23.03,5.332999999999999,,,,,,,,Sphyraena,,,,,,,,,,,Java,,,,,,,,,,,,,,,,,,,,,,,,,,,,,,,,,,,,,,,,,,,,,,,,,,,,,,,,,,,,,,,,,,,,,,,,,,,,,,,,,,,,,,,,,,14.1815
GAB21,,,,,Sphyraena winkleri,species,,,Sphyraena winkleri,Y,,,,,Pliocene,,5.332999999999999,2.588,,,,,,,,Sphyraena,,,,,,,,,,,Italy,,,,,,,,,,,,,,,,,,,,,,,,,,,,,,,,,,,,,,,,,,,,,,,,,,,,,,,,,,,,,,,,,,,,,,,,,,,,,,,,,,,,,,,,,,3.9604999999999997
